disp,load,stress
0,0,0
0.5,1.638444049,53.9013
1,3.272493739,108.23
1.5,4.878875418,159.607
2,6.410180762,199.568
2.5,7.821368747,228.168
3,9.087329193,249.765
3.5,10.20504637,267.159
4,11.18615745,281.484
4.5,12.04441661,293.583
4.75,12.43433631,299.22
4.875,12.62004509,301.723
4.925,12.69435559,302.765
4.9625,12.749612,303.548
5,12.80439526,304.334
